-- phpMyAdmin SQL Dump
-- version 4.9.4
-- https://www.phpmyadmin.net/
--
-- Host: localhost:3306
-- Generation Time: May 22, 2020 at 05:52 PM
-- Server version: 10.1.40-MariaDB-cll-lve
-- PHP Version: 7.3.6

SET SQL_MODE = "NO_AUTO_VALUE_ON_ZERO";
SET AUTOCOMMIT = 0;
START TRANSACTION;
SET time_zone = "+00:00";


/*!40101 SET @OLD_CHARACTER_SET_CLIENT=@@CHARACTER_SET_CLIENT */;
/*!40101 SET @OLD_CHARACTER_SET_RESULTS=@@CHARACTER_SET_RESULTS */;
/*!40101 SET @OLD_COLLATION_CONNECTION=@@COLLATION_CONNECTION */;
/*!40101 SET NAMES utf8mb4 */;

--
-- Database: `roxorsox_prezplaypro1`
--

-- --------------------------------------------------------

--
-- Table structure for table `affiliations2`
--

CREATE TABLE `affiliations2` (
  `id` int(4) NOT NULL,
  `candidateID` int(2) NOT NULL,
  `partyAbbr` varchar(3) NOT NULL,
  `partyName` varchar(72) DEFAULT NULL,
  `stateAbbr` varchar(2) NOT NULL,
  `year` year(4) NOT NULL
) ENGINE=InnoDB DEFAULT CHARSET=latin1;

--
-- Dumping data for table `affiliations2`
--

INSERT INTO `affiliations2` (`id`, `candidateID`, `partyAbbr`, `partyName`, `stateAbbr`, `year`) VALUES
(2, 1, 'APV', 'Approval Voting Party', 'CO', 2016),
(3, 2, 'AMC', 'American Constitution Party', 'CO', 2016),
(4, 2, 'CON', 'Constitution', 'WA', 2016),
(5, 2, 'CON', 'Constitution', 'ND', 2016),
(6, 2, 'CON', 'Constitution', 'PA', 2016),
(7, 2, 'CON', 'Constitution', 'SC', 2016),
(8, 2, 'CON', 'Constitution', 'SD', 2016),
(9, 2, 'CON', 'Constitution', 'NM', 2016),
(10, 2, 'CON', 'Constitution', 'NJ', 2016),
(11, 2, 'CON', 'Constitution', 'MO', 2016),
(12, 2, 'CON', 'Constitution', 'MS', 2016),
(13, 2, 'CON', 'Constitution', 'MN', 2016),
(14, 2, 'CON', 'Constitution', 'LA', 2016),
(15, 2, 'CON', 'Constitution', 'IA', 2016),
(16, 2, 'CON', 'Constitution', 'HI', 2016),
(17, 2, 'CON', 'Constitution', 'FL', 2016),
(18, 2, 'CON', 'Constitution', 'AR', 2016),
(19, 2, 'CON', 'Constitution', 'AK', 2016),
(20, 2, 'CON', 'Constitution', 'UT', 2016),
(21, 2, 'CON', 'Constitution', 'WY', 2016),
(22, 2, 'CON', 'Constitution', 'WI', 2016),
(23, 2, 'CON', 'Constitution', 'WV', 2016),
(24, 2, 'IAP', 'Independent American  Party', 'NV', 2016),
(25, 2, 'IND', 'Independent', 'ID', 2016),
(26, 2, 'UST', 'U.S. Taxpayers', 'MI', 2016),
(27, 3, 'D', 'Democratic', 'AL', 2016),
(28, 3, 'D', 'Democratic', 'AK', 2016),
(29, 3, 'D', 'Democratic', 'AZ', 2016),
(30, 3, 'D', 'Democratic', 'AR', 2016),
(31, 3, 'D', 'Democratic', 'CA', 2016),
(32, 3, 'D', 'Democratic', 'CO', 2016),
(33, 3, 'D', 'Democratic', 'CT', 2016),
(34, 3, 'D', 'Democratic', 'DE', 2016),
(35, 3, 'D', 'Democratic', 'DC', 2016),
(36, 3, 'D', 'Democratic', 'FL', 2016),
(37, 3, 'D', 'Democratic', 'GA', 2016),
(38, 3, 'D', 'Democratic', 'HI', 2016),
(39, 3, 'D', 'Democratic', 'ID', 2016),
(40, 3, 'D', 'Democratic', 'IL', 2016),
(41, 3, 'D', 'Democratic', 'IN', 2016),
(42, 3, 'D', 'Democratic', 'IA', 2016),
(43, 3, 'D', 'Democratic', 'KS', 2016),
(44, 3, 'D', 'Democratic', 'KY', 2016),
(45, 3, 'D', 'Democratic', 'LA', 2016),
(46, 3, 'D', 'Democratic', 'ME', 2016),
(47, 3, 'D', 'Democratic', 'MD', 2016),
(48, 3, 'D', 'Democratic', 'MA', 2016),
(49, 3, 'D', 'Democratic', 'MI', 2016),
(50, 3, 'D', 'Democratic', 'MN', 2016),
(51, 3, 'D', 'Democratic', 'MS', 2016),
(52, 3, 'D', 'Democratic', 'MO', 2016),
(53, 3, 'D', 'Democratic', 'MT', 2016),
(54, 3, 'D', 'Democratic', 'NE', 2016),
(55, 3, 'D', 'Democratic', 'NV', 2016),
(56, 3, 'D', 'Democratic', 'NH', 2016),
(57, 3, 'D', 'Democratic', 'NJ', 2016),
(58, 3, 'D', 'Democratic', 'NM', 2016),
(59, 3, 'D', 'Democratic', 'NY', 2016),
(60, 3, 'D', 'Democratic', 'NC', 2016),
(61, 3, 'D', 'Democratic', 'ND', 2016),
(62, 3, 'D', 'Democratic', 'OH', 2016),
(63, 3, 'D', 'Democratic', 'OK', 2016),
(64, 3, 'D', 'Democratic', 'OR', 2016),
(65, 3, 'D', 'Democratic', 'PA', 2016),
(66, 3, 'D', 'Democratic', 'RI', 2016),
(67, 3, 'D', 'Democratic', 'SC', 2016),
(68, 3, 'D', 'Democratic', 'SD', 2016),
(69, 3, 'D', 'Democratic', 'TN', 2016),
(70, 3, 'D', 'Democratic', 'TX', 2016),
(71, 3, 'D', 'Democratic', 'UT', 2016),
(72, 3, 'D', 'Democratic', 'VT', 2016),
(73, 3, 'D', 'Democratic', 'VA', 2016),
(74, 3, 'D', 'Democratic', 'WA', 2016),
(75, 3, 'D', 'Democratic', 'WV', 2016),
(76, 3, 'D', 'Democratic', 'WI', 2016),
(77, 3, 'D', 'Democratic', 'WY', 2016),
(78, 4, 'CON', 'Constitution', 'ID', 2016),
(79, 5, 'ADP', 'American Delta Party', 'WI', 2016),
(80, 5, 'ADP', 'American Delta Party', 'CO', 2016),
(81, 5, 'IND', 'Independent', 'WY', 2016),
(82, 5, 'IND', 'Independent', 'ID', 2016),
(83, 5, 'RPF', 'Reform Party of Florida', 'FL', 2016),
(84, 5, 'UN', 'Unaffiliated', 'UT', 2016),
(85, 5, 'IND', 'Independent', 'VT', 2016),
(86, 5, 'IND', 'Independent', 'TN', 2016),
(87, 5, 'ADP', 'American Delta Party', 'RI', 2016),
(88, 5, 'ADP', 'American Delta Party', 'ND', 2016),
(89, 5, 'ADP', 'American Delta Party', 'NM', 2016),
(90, 5, 'ADP', 'American Delta Party', 'NJ', 2016),
(91, 5, 'ADP', 'American Delta Party', 'NH', 2016),
(93, 5, 'ADP', 'American Delta Party', 'MT', 2016),
(94, 5, 'ADP', 'American Delta Party', 'MS', 2016),
(95, 5, 'ADP', 'American Delta Party', 'MN', 2016),
(96, 5, 'ADP', 'American Delta Party', 'KY', 2016),
(97, 5, 'NAF', 'Nonaffiliated', 'AK', 2016),
(98, 5, 'NP', 'Nominated by Petition', 'IA', 2016),
(99, 6, 'N', 'Nonpartisan', 'OH', 2016),
(100, 7, 'IAP', 'Independent American  Party', 'UT', 2016),
(101, 8, 'IND', 'Independent', 'AR', 2016),
(102, 8, 'P', 'Prohibition Party', 'MS', 2016),
(103, 8, 'P', 'Prohibition Party', 'CO', 2016),
(104, 9, 'AMP', 'Americas Party', 'CO', 2016),
(105, 9, 'LFC', 'Life Family Constitution', 'LA', 2016),
(106, 10, 'LTC', 'Loyal Trustworthy Compassion', 'LA', 2016),
(107, 11, 'LIB', 'Libertarian', 'AL', 2016),
(108, 11, 'LIB', 'Libertarian', 'AK', 2016),
(109, 11, 'LIB', 'Libertarian', 'AZ', 2016),
(110, 11, 'LIB', 'Libertarian', 'AR', 2016),
(111, 11, 'LIB', 'Libertarian', 'CA', 2016),
(112, 11, 'LIB', 'Libertarian', 'CO', 2016),
(113, 11, 'LIB', 'Libertarian', 'CT', 2016),
(114, 11, 'LIB', 'Libertarian', 'DE', 2016),
(115, 11, 'LIB', 'Libertarian', 'DC', 2016),
(116, 11, 'LIB', 'Libertarian', 'FL', 2016),
(117, 11, 'LIB', 'Libertarian', 'GA', 2016),
(118, 11, 'LIB', 'Libertarian', 'HI', 2016),
(119, 11, 'LIB', 'Libertarian', 'ID', 2016),
(120, 11, 'LIB', 'Libertarian', 'IL', 2016),
(121, 11, 'LIB', 'Libertarian', 'IN', 2016),
(122, 11, 'LIB', 'Libertarian', 'IA', 2016),
(123, 11, 'LIB', 'Libertarian', 'KS', 2016),
(124, 11, 'LIB', 'Libertarian', 'KY', 2016),
(125, 11, 'LIB', 'Libertarian', 'LA', 2016),
(126, 11, 'LIB', 'Libertarian', 'ME', 2016),
(127, 11, 'LIB', 'Libertarian', 'MD', 2016),
(128, 11, 'LIB', 'Libertarian', 'MA', 2016),
(129, 11, 'LIB', 'Libertarian', 'MI', 2016),
(130, 11, 'LIB', 'Libertarian', 'MN', 2016),
(131, 11, 'LIB', 'Libertarian', 'MS', 2016),
(132, 11, 'LIB', 'Libertarian', 'MO', 2016),
(133, 11, 'LIB', 'Libertarian', 'MT', 2016),
(134, 11, 'LIB', 'Libertarian', 'NE', 2016),
(135, 11, 'LIB', 'Libertarian', 'NV', 2016),
(136, 11, 'LIB', 'Libertarian', 'NH', 2016),
(137, 11, 'LIB', 'Libertarian', 'NJ', 2016),
(138, 11, 'LIB', 'Libertarian', 'NM', 2016),
(139, 11, 'LIB', 'Libertarian', 'NY', 2016),
(140, 11, 'LIB', 'Libertarian', 'NC', 2016),
(141, 11, 'LIB', 'Libertarian', 'ND', 2016),
(142, 11, 'LIB', 'Libertarian', 'OH', 2016),
(143, 11, 'LIB', 'Libertarian', 'OK', 2016),
(144, 11, 'LIB', 'Libertarian', 'OR', 2016),
(145, 11, 'LIB', 'Libertarian', 'PA', 2016),
(146, 11, 'LIB', 'Libertarian', 'RI', 2016),
(147, 11, 'LIB', 'Libertarian', 'SC', 2016),
(148, 11, 'LIB', 'Libertarian', 'SD', 2016),
(149, 11, 'LIB', 'Libertarian', 'TN', 2016),
(150, 11, 'LIB', 'Libertarian', 'TX', 2016),
(151, 11, 'LIB', 'Libertarian', 'UT', 2016),
(152, 11, 'LIB', 'Libertarian', 'VT', 2016),
(153, 11, 'LIB', 'Libertarian', 'VA', 2016),
(154, 11, 'LIB', 'Libertarian', 'WA', 2016),
(155, 11, 'LIB', 'Libertarian', 'WV', 2016),
(156, 11, 'LIB', 'Libertarian', 'WI', 2016),
(157, 11, 'LIB', 'Libertarian', 'WY', 2016),
(158, 12, 'IND', 'Independent', 'AR', 2016),
(159, 12, 'NPI', 'New Independent Party Iowa', 'IA', 2016),
(160, 13, 'SWP', 'Socialist Workers Party', 'LA', 2016),
(161, 13, 'VP', 'Veterans Party', 'CO', 2016),
(162, 14, 'IND', 'Independent', 'TN', 2016),
(163, 14, 'SWP', 'Socialist Workers Party', 'WA', 2016),
(164, 14, 'UN', 'Unaffiliated', 'UT', 2016),
(165, 14, 'SWP', 'Socialist Workers Party', 'MN', 2016),
(166, 14, 'SWP', 'Socialist Workers Party', 'LA', 2016),
(167, 14, 'SWP', 'Socialist Workers Party', 'NJ', 2016),
(168, 14, 'SWP', 'Socialist Workers Party', 'CO', 2016),
(169, 15, 'IAP', 'Independent American  Party', 'CO', 2016),
(170, 16, 'IOC', 'Its Our Children', 'LA', 2016),
(171, 16, 'KFP', 'Kotlikoff for President', 'CO', 2016),
(172, 17, 'LBU', 'Liberty Union', 'VT', 2016),
(173, 17, 'PAF', 'Peace and Freedom', 'CA', 2016),
(174, 17, 'SLP', 'Socialism and Liberation Party', 'CO', 2016),
(175, 17, 'SLP', 'Socialism and Liberation Party', 'WA', 2016),
(176, 17, 'SLP', 'Socialism and Liberation Party', 'NM', 2016),
(177, 17, 'SLP', 'Socialism and Liberation Party', 'NJ', 2016),
(178, 17, 'SLP', 'Socialism and Liberation Party', 'LA', 2016),
(179, 17, 'SLP', 'Socialism and Liberation Party', 'IA', 2016),
(180, 18, 'NRP', 'Nonviolent Resistance/Pacifist', 'CO', 2016),
(181, 19, 'IPC', 'Independent People of Colorado', 'CO', 2016),
(182, 20, 'ASP', 'American Solidarity Party', 'CO', 2016),
(183, 21, 'CCS', 'Courage Character Service', 'LA', 2016),
(184, 21, 'IDP', 'Independence', 'SC', 2016),
(185, 21, 'IND', 'Independent', 'VA', 2016),
(186, 21, 'BFA', 'Better for America', 'NM', 2016),
(187, 21, 'NP', 'Nominated by Petition', 'IA', 2016),
(188, 21, 'UN', 'Unaffiliated', 'CO', 2016),
(189, 21, 'IND', 'Independent', 'UT', 2016),
(190, 21, 'IDP', 'Independence', 'MN', 2016),
(191, 21, 'IND', 'Independent', 'KY', 2016),
(192, 21, 'IND', 'Independent', 'ID', 2016),
(193, 21, 'BFA', 'Better for America', 'AR', 2016),
(194, 22, 'UN', 'Unaffiliated', 'UT', 2016),
(195, 22, 'WW', 'Workers World', 'WI', 2016),
(196, 22, 'WW', 'Workers World', 'NJ', 2016),
(197, 23, 'UN', 'Unaffiliated', 'CO', 2016),
(198, 24, 'NTP', 'Nutrition Party', 'CO', 2016),
(199, 25, 'AM', 'American Party', 'SC', 2016),
(200, 26, 'IND', 'Independent', 'TN', 2016),
(201, 26, 'UN', 'Unaffiliated', 'CO', 2016),
(202, 27, 'NLP', 'Natural Law Party', 'MI', 2016),
(203, 27, 'SOC', 'Socialist Party USA', 'CO', 2016),
(205, 28, 'GRE', 'Green', 'FL', 2016),
(206, 28, 'GRE', 'Green', 'DE', 2016),
(207, 28, 'GRE', 'Green', 'DC', 2016),
(208, 28, 'GRE', 'Green', 'CT', 2016),
(209, 28, 'GRE', 'Green', 'VA', 2016),
(210, 28, 'GRE', 'Green', 'NH', 2016),
(211, 28, 'GRE', 'Green', 'NJ', 2016),
(212, 28, 'GRE', 'Green', 'NM', 2016),
(213, 28, 'GRE', 'Green', 'NY', 2016),
(214, 28, 'GRE', 'Green', 'ND', 2016),
(215, 28, 'GRE', 'Green', 'OH', 2016),
(216, 28, 'GRE', 'Green', 'OR', 2016),
(217, 28, 'GRE', 'Green', 'PA', 2016),
(218, 28, 'GRE', 'Green', 'RI', 2016),
(219, 28, 'GRE', 'Green', 'SC', 2016),
(220, 28, 'GRE', 'Green', 'TN', 2016),
(221, 28, 'GRE', 'Green', 'TX', 2016),
(222, 28, 'GRE', 'Green', 'UT', 2016),
(223, 28, 'GRE', 'Green', 'VT', 2016),
(224, 28, 'GRE', 'Green', 'MO', 2016),
(225, 28, 'GRE', 'Green', 'MT', 2016),
(226, 28, 'GRE', 'Green', 'NE', 2016),
(227, 28, 'GRE', 'Green', 'MI', 2016),
(228, 28, 'GRE', 'Green', 'MN', 2016),
(229, 28, 'GRE', 'Green', 'MS', 2016),
(230, 28, 'GRE', 'Green', 'MD', 2016),
(231, 28, 'GRE', 'Green', 'ME', 2016),
(232, 28, 'GRE', 'Green', 'MA', 2016),
(233, 28, 'GRE', 'Green', 'KY', 2016),
(234, 28, 'GRE', 'Green', 'LA', 2016),
(235, 28, 'GRE', 'Green', 'KS', 2016),
(236, 28, 'GRE', 'Green', 'IA', 2016),
(237, 28, 'GRE', 'Green', 'IL', 2016),
(238, 28, 'GRE', 'Green', 'ID', 2016),
(239, 28, 'GRE', 'Green', 'AL', 2016),
(240, 28, 'GRE', 'Green', 'AK', 2016),
(241, 28, 'GRE', 'Green', 'AZ', 2016),
(242, 28, 'GRE', 'Green', 'AR', 2016),
(243, 28, 'GRE', 'Green', 'CA', 2016),
(244, 28, 'GRE', 'Green', 'CO', 2016),
(245, 28, 'GRE', 'Green', 'WA', 2016),
(246, 28, 'GRE', 'Green', 'WV', 2016),
(247, 28, 'GRE', 'Green', 'WI', 2016),
(248, 28, 'GRE', 'Green', 'WY', 2016),
(249, 29, 'R', 'Republican', 'AL', 2016),
(250, 29, 'R', 'Republican', 'AK', 2016),
(251, 29, 'R', 'Republican', 'AZ', 2016),
(252, 29, 'R', 'Republican', 'AR', 2016),
(253, 29, 'R', 'Republican', 'CA', 2016),
(254, 29, 'R', 'Republican', 'CO', 2016),
(255, 29, 'R', 'Republican', 'CT', 2016),
(256, 29, 'R', 'Republican', 'DE', 2016),
(257, 29, 'R', 'Republican', 'DC', 2016),
(258, 29, 'R', 'Republican', 'FL', 2016),
(259, 29, 'R', 'Republican', 'GA', 2016),
(260, 29, 'R', 'Republican', 'HI', 2016),
(261, 29, 'R', 'Republican', 'ID', 2016),
(262, 29, 'R', 'Republican', 'IL', 2016),
(263, 29, 'R', 'Republican', 'IN', 2016),
(264, 29, 'R', 'Republican', 'IA', 2016),
(265, 29, 'R', 'Republican', 'KS', 2016),
(266, 29, 'R', 'Republican', 'KY', 2016),
(267, 29, 'R', 'Republican', 'LA', 2016),
(268, 29, 'R', 'Republican', 'ME', 2016),
(269, 29, 'R', 'Republican', 'MD', 2016),
(270, 29, 'R', 'Republican', 'MA', 2016),
(271, 29, 'R', 'Republican', 'MI', 2016),
(272, 29, 'R', 'Republican', 'MN', 2016),
(273, 29, 'R', 'Republican', 'MS', 2016),
(274, 29, 'R', 'Republican', 'MO', 2016),
(275, 29, 'R', 'Republican', 'MT', 2016),
(276, 29, 'R', 'Republican', 'NE', 2016),
(277, 29, 'R', 'Republican', 'NV', 2016),
(278, 29, 'R', 'Republican', 'NH', 2016),
(279, 29, 'R', 'Republican', 'NJ', 2016),
(280, 29, 'R', 'Republican', 'NM', 2016),
(281, 29, 'R', 'Republican', 'NY', 2016),
(282, 29, 'R', 'Republican', 'NC', 2016),
(283, 29, 'R', 'Republican', 'ND', 2016),
(284, 29, 'R', 'Republican', 'OH', 2016),
(285, 29, 'R', 'Republican', 'OK', 2016),
(286, 29, 'R', 'Republican', 'OR', 2016),
(287, 29, 'R', 'Republican', 'PA', 2016),
(288, 29, 'R', 'Republican', 'RI', 2016),
(289, 29, 'R', 'Republican', 'SC', 2016),
(290, 29, 'R', 'Republican', 'SD', 2016),
(291, 29, 'R', 'Republican', 'TN', 2016),
(292, 29, 'R', 'Republican', 'TX', 2016),
(293, 29, 'R', 'Republican', 'UT', 2016),
(294, 29, 'R', 'Republican', 'VT', 2016),
(295, 29, 'R', 'Republican', 'VA', 2016),
(296, 29, 'R', 'Republican', 'WA', 2016),
(297, 29, 'R', 'Republican', 'WV', 2016),
(298, 29, 'R', 'Republican', 'WI', 2016),
(299, 29, 'R', 'Republican', 'WY', 2016),
(300, 30, 'LMN', 'Legal Marijuana Now', 'MN', 2016),
(301, 30, 'LMN', 'Legal Marijuana Now', 'IA', 2016),
(302, 31, 'SEA', 'Socialism Equality Anti-War', 'LA', 2016);

-- --------------------------------------------------------

--
-- Table structure for table `affiliations2016`
--

CREATE TABLE `affiliations2016` (
  `id` int(4) NOT NULL,
  `candidateID` int(2) NOT NULL,
  `partyAbbr` varchar(3) NOT NULL,
  `stateAbbr` varchar(2) NOT NULL,
  `year` year(4) NOT NULL
) ENGINE=InnoDB DEFAULT CHARSET=latin1;

--
-- Dumping data for table `affiliations2016`
--

INSERT INTO `affiliations2016` (`id`, `candidateID`, `partyAbbr`, `stateAbbr`, `year`) VALUES
(2, 1, 'APV', 'CO', 2016),
(3, 2, 'AMC', 'CO', 2016),
(4, 2, 'CON', 'WA', 2016),
(5, 2, 'CON', 'ND', 2016),
(6, 2, 'CON', 'PA', 2016),
(7, 2, 'CON', 'SC', 2016),
(8, 2, 'CON', 'SD', 2016),
(9, 2, 'CON', 'NM', 2016),
(10, 2, 'CON', 'NJ', 2016),
(11, 2, 'CON', 'MO', 2016),
(12, 2, 'CON', 'MS', 2016),
(13, 2, 'CON', 'MN', 2016),
(14, 2, 'CON', 'LA', 2016),
(15, 2, 'CON', 'IA', 2016),
(16, 2, 'CON', 'HI', 2016),
(17, 2, 'CON', 'FL', 2016),
(18, 2, 'CON', 'AR', 2016),
(19, 2, 'CON', 'AK', 2016),
(20, 2, 'CON', 'UT', 2016),
(21, 2, 'CON', 'WY', 2016),
(22, 2, 'CON', 'WI', 2016),
(23, 2, 'CON', 'WV', 2016),
(24, 2, 'IAP', 'NV', 2016),
(25, 2, 'IND', 'ID', 2016),
(26, 2, 'UST', 'MI', 2016),
(27, 3, 'D', 'AL', 2016),
(28, 3, 'D', 'AK', 2016),
(29, 3, 'D', 'AZ', 2016),
(30, 3, 'D', 'AR', 2016),
(31, 3, 'D', 'CA', 2016),
(32, 3, 'D', 'CO', 2016),
(33, 3, 'D', 'CT', 2016),
(34, 3, 'D', 'DE', 2016),
(35, 3, 'D', 'DC', 2016),
(36, 3, 'D', 'FL', 2016),
(37, 3, 'D', 'GA', 2016),
(38, 3, 'D', 'HI', 2016),
(39, 3, 'D', 'ID', 2016),
(40, 3, 'D', 'IL', 2016),
(41, 3, 'D', 'IN', 2016),
(42, 3, 'D', 'IA', 2016),
(43, 3, 'D', 'KS', 2016),
(44, 3, 'D', 'KY', 2016),
(45, 3, 'D', 'LA', 2016),
(46, 3, 'D', 'ME', 2016),
(47, 3, 'D', 'MD', 2016),
(48, 3, 'D', 'MA', 2016),
(49, 3, 'D', 'MI', 2016),
(50, 3, 'D', 'MN', 2016),
(51, 3, 'D', 'MS', 2016),
(52, 3, 'D', 'MO', 2016),
(53, 3, 'D', 'MT', 2016),
(54, 3, 'D', 'NE', 2016),
(55, 3, 'D', 'NV', 2016),
(56, 3, 'D', 'NH', 2016),
(57, 3, 'D', 'NJ', 2016),
(58, 3, 'D', 'NM', 2016),
(59, 3, 'D', 'NY', 2016),
(60, 3, 'D', 'NC', 2016),
(61, 3, 'D', 'ND', 2016),
(62, 3, 'D', 'OH', 2016),
(63, 3, 'D', 'OK', 2016),
(64, 3, 'D', 'OR', 2016),
(65, 3, 'D', 'PA', 2016),
(66, 3, 'D', 'RI', 2016),
(67, 3, 'D', 'SC', 2016),
(68, 3, 'D', 'SD', 2016),
(69, 3, 'D', 'TN', 2016),
(70, 3, 'D', 'TX', 2016),
(71, 3, 'D', 'UT', 2016),
(72, 3, 'D', 'VT', 2016),
(73, 3, 'D', 'VA', 2016),
(74, 3, 'D', 'WA', 2016),
(75, 3, 'D', 'WV', 2016),
(76, 3, 'D', 'WI', 2016),
(77, 3, 'D', 'WY', 2016),
(78, 4, 'CON', 'ID', 2016),
(79, 5, 'ADP', 'WI', 2016),
(80, 5, 'ADP', 'CO', 2016),
(81, 5, 'IND', 'WY', 2016),
(82, 5, 'IND', 'ID', 2016),
(83, 5, 'RPF', 'FL', 2016),
(84, 5, 'UN', 'UT', 2016),
(85, 5, 'IND', 'VT', 2016),
(86, 5, 'IND', 'TN', 2016),
(87, 5, 'ADP', 'RI', 2016),
(88, 5, 'ADP', 'ND', 2016),
(89, 5, 'ADP', 'NM', 2016),
(90, 5, 'ADP', 'NJ', 2016),
(91, 5, 'ADP', 'NH', 2016),
(93, 5, 'ADP', 'MT', 2016),
(94, 5, 'ADP', 'MS', 2016),
(95, 5, 'ADP', 'MN', 2016),
(96, 5, 'ADP', 'KY', 2016),
(97, 5, 'NAF', 'AK', 2016),
(98, 5, 'NP', 'IA', 2016),
(99, 6, 'N', 'OH', 2016),
(100, 7, 'IAP', 'UT', 2016),
(101, 8, 'IND', 'AR', 2016),
(102, 8, 'P', 'MS', 2016),
(103, 8, 'P', 'CO', 2016),
(104, 9, 'AMP', 'CO', 2016),
(105, 9, 'LFC', 'LA', 2016),
(106, 10, 'LTC', 'LA', 2016),
(107, 11, 'LIB', 'AL', 2016),
(108, 11, 'LIB', 'AK', 2016),
(109, 11, 'LIB', 'AZ', 2016),
(110, 11, 'LIB', 'AR', 2016),
(111, 11, 'LIB', 'CA', 2016),
(112, 11, 'LIB', 'CO', 2016),
(113, 11, 'LIB', 'CT', 2016),
(114, 11, 'LIB', 'DE', 2016),
(115, 11, 'LIB', 'DC', 2016),
(116, 11, 'LIB', 'FL', 2016),
(117, 11, 'LIB', 'GA', 2016),
(118, 11, 'LIB', 'HI', 2016),
(119, 11, 'LIB', 'ID', 2016),
(120, 11, 'LIB', 'IL', 2016),
(121, 11, 'LIB', 'IN', 2016),
(122, 11, 'LIB', 'IA', 2016),
(123, 11, 'LIB', 'KS', 2016),
(124, 11, 'LIB', 'KY', 2016),
(125, 11, 'LIB', 'LA', 2016),
(126, 11, 'LIB', 'ME', 2016),
(127, 11, 'LIB', 'MD', 2016),
(128, 11, 'LIB', 'MA', 2016),
(129, 11, 'LIB', 'MI', 2016),
(130, 11, 'LIB', 'MN', 2016),
(131, 11, 'LIB', 'MS', 2016),
(132, 11, 'LIB', 'MO', 2016),
(133, 11, 'LIB', 'MT', 2016),
(134, 11, 'LIB', 'NE', 2016),
(135, 11, 'LIB', 'NV', 2016),
(136, 11, 'LIB', 'NH', 2016),
(137, 11, 'LIB', 'NJ', 2016),
(138, 11, 'LIB', 'NM', 2016),
(139, 11, 'LIB', 'NY', 2016),
(140, 11, 'LIB', 'NC', 2016),
(141, 11, 'LIB', 'ND', 2016),
(142, 11, 'LIB', 'OH', 2016),
(143, 11, 'LIB', 'OK', 2016),
(144, 11, 'LIB', 'OR', 2016),
(145, 11, 'LIB', 'PA', 2016),
(146, 11, 'LIB', 'RI', 2016),
(147, 11, 'LIB', 'SC', 2016),
(148, 11, 'LIB', 'SD', 2016),
(149, 11, 'LIB', 'TN', 2016),
(150, 11, 'LIB', 'TX', 2016),
(151, 11, 'LIB', 'UT', 2016),
(152, 11, 'LIB', 'VT', 2016),
(153, 11, 'LIB', 'VA', 2016),
(154, 11, 'LIB', 'WA', 2016),
(155, 11, 'LIB', 'WV', 2016),
(156, 11, 'LIB', 'WI', 2016),
(157, 11, 'LIB', 'WY', 2016),
(158, 12, 'IND', 'AR', 2016),
(159, 12, 'NPI', 'IA', 2016),
(160, 13, 'SWP', 'LA', 2016),
(161, 13, 'VP', 'CO', 2016),
(162, 14, 'IND', 'TN', 2016),
(163, 14, 'SWP', 'WA', 2016),
(164, 14, 'UN', 'UT', 2016),
(165, 14, 'SWP', 'MN', 2016),
(166, 14, 'SWP', 'LA', 2016),
(167, 14, 'SWP', 'NJ', 2016),
(168, 14, 'SWP', 'CO', 2016),
(169, 15, 'IAP', 'CO', 2016),
(170, 16, 'IOC', 'LA', 2016),
(171, 16, 'KFP', 'CO', 2016),
(172, 17, 'LBU', 'VT', 2016),
(173, 17, 'PAF', 'CA', 2016),
(174, 17, 'SLP', 'CO', 2016),
(175, 17, 'SLP', 'WA', 2016),
(176, 17, 'SLP', 'NM', 2016),
(177, 17, 'SLP', 'NJ', 2016),
(178, 17, 'SLP', 'LA', 2016),
(179, 17, 'SLP', 'IA', 2016),
(180, 18, 'NRP', 'CO', 2016),
(181, 19, 'IPC', 'CO', 2016),
(182, 20, 'ASP', 'CO', 2016),
(183, 21, 'CCS', 'LA', 2016),
(184, 21, 'IDP', 'SC', 2016),
(185, 21, 'IND', 'VA', 2016),
(186, 21, 'BFA', 'NM', 2016),
(187, 21, 'NP', 'IA', 2016),
(188, 21, 'UN', 'CO', 2016),
(189, 21, 'IND', 'UT', 2016),
(190, 21, 'IDP', 'MN', 2016),
(191, 21, 'IND', 'KY', 2016),
(192, 21, 'IND', 'ID', 2016),
(193, 21, 'BFA', 'AR', 2016),
(194, 22, 'UN', 'UT', 2016),
(195, 22, 'WW', 'WI', 2016),
(196, 22, 'WW', 'NJ', 2016),
(197, 23, 'UN', 'CO', 2016),
(198, 24, 'NTP', 'CO', 2016),
(199, 25, 'AM', 'SC', 2016),
(200, 26, 'IND', 'TN', 2016),
(201, 26, 'UN', 'CO', 2016),
(202, 27, 'NLP', 'MI', 2016),
(203, 27, 'SOC', 'CO', 2016),
(205, 28, 'GRE', 'FL', 2016),
(206, 28, 'GRE', 'DE', 2016),
(207, 28, 'GRE', 'DC', 2016),
(208, 28, 'GRE', 'CT', 2016),
(209, 28, 'GRE', 'VA', 2016),
(210, 28, 'GRE', 'NH', 2016),
(211, 28, 'GRE', 'NJ', 2016),
(212, 28, 'GRE', 'NM', 2016),
(213, 28, 'GRE', 'NY', 2016),
(214, 28, 'GRE', 'ND', 2016),
(215, 28, 'GRE', 'OH', 2016),
(216, 28, 'GRE', 'OR', 2016),
(217, 28, 'GRE', 'PA', 2016),
(218, 28, 'GRE', 'RI', 2016),
(219, 28, 'GRE', 'SC', 2016),
(220, 28, 'GRE', 'TN', 2016),
(221, 28, 'GRE', 'TX', 2016),
(222, 28, 'GRE', 'UT', 2016),
(223, 28, 'GRE', 'VT', 2016),
(224, 28, 'GRE', 'MO', 2016),
(225, 28, 'GRE', 'MT', 2016),
(226, 28, 'GRE', 'NE', 2016),
(227, 28, 'GRE', 'MI', 2016),
(228, 28, 'GRE', 'MN', 2016),
(229, 28, 'GRE', 'MS', 2016),
(230, 28, 'GRE', 'MD', 2016),
(231, 28, 'GRE', 'ME', 2016),
(232, 28, 'GRE', 'MA', 2016),
(233, 28, 'GRE', 'KY', 2016),
(234, 28, 'GRE', 'LA', 2016),
(235, 28, 'GRE', 'KS', 2016),
(236, 28, 'GRE', 'IA', 2016),
(237, 28, 'GRE', 'IL', 2016),
(238, 28, 'GRE', 'ID', 2016),
(239, 28, 'GRE', 'AL', 2016),
(240, 28, 'GRE', 'AK', 2016),
(241, 28, 'GRE', 'AZ', 2016),
(242, 28, 'GRE', 'AR', 2016),
(243, 28, 'GRE', 'CA', 2016),
(244, 28, 'GRE', 'CO', 2016),
(245, 28, 'GRE', 'WA', 2016),
(246, 28, 'GRE', 'WV', 2016),
(247, 28, 'GRE', 'WI', 2016),
(248, 28, 'GRE', 'WY', 2016),
(249, 29, 'R', 'AL', 2016),
(250, 29, 'R', 'AK', 2016),
(251, 29, 'R', 'AZ', 2016),
(252, 29, 'R', 'AR', 2016),
(253, 29, 'R', 'CA', 2016),
(254, 29, 'R', 'CO', 2016),
(255, 29, 'R', 'CT', 2016),
(256, 29, 'R', 'DE', 2016),
(257, 29, 'R', 'DC', 2016),
(258, 29, 'R', 'FL', 2016),
(259, 29, 'R', 'GA', 2016),
(260, 29, 'R', 'HI', 2016),
(261, 29, 'R', 'ID', 2016),
(262, 29, 'R', 'IL', 2016),
(263, 29, 'R', 'IN', 2016),
(264, 29, 'R', 'IA', 2016),
(265, 29, 'R', 'KS', 2016),
(266, 29, 'R', 'KY', 2016),
(267, 29, 'R', 'LA', 2016),
(268, 29, 'R', 'ME', 2016),
(269, 29, 'R', 'MD', 2016),
(270, 29, 'R', 'MA', 2016),
(271, 29, 'R', 'MI', 2016),
(272, 29, 'R', 'MN', 2016),
(273, 29, 'R', 'MS', 2016),
(274, 29, 'R', 'MO', 2016),
(275, 29, 'R', 'MT', 2016),
(276, 29, 'R', 'NE', 2016),
(277, 29, 'R', 'NV', 2016),
(278, 29, 'R', 'NH', 2016),
(279, 29, 'R', 'NJ', 2016),
(280, 29, 'R', 'NM', 2016),
(281, 29, 'R', 'NY', 2016),
(282, 29, 'R', 'NC', 2016),
(283, 29, 'R', 'ND', 2016),
(284, 29, 'R', 'OH', 2016),
(285, 29, 'R', 'OK', 2016),
(286, 29, 'R', 'OR', 2016),
(287, 29, 'R', 'PA', 2016),
(288, 29, 'R', 'RI', 2016),
(289, 29, 'R', 'SC', 2016),
(290, 29, 'R', 'SD', 2016),
(291, 29, 'R', 'TN', 2016),
(292, 29, 'R', 'TX', 2016),
(293, 29, 'R', 'UT', 2016),
(294, 29, 'R', 'VT', 2016),
(295, 29, 'R', 'VA', 2016),
(296, 29, 'R', 'WA', 2016),
(297, 29, 'R', 'WV', 2016),
(298, 29, 'R', 'WI', 2016),
(299, 29, 'R', 'WY', 2016),
(300, 30, 'LMN', 'MN', 2016),
(301, 30, 'LMN', 'IA', 2016),
(302, 31, 'SEA', 'LA', 2016);

-- --------------------------------------------------------

--
-- Table structure for table `candidates2016`
--

CREATE TABLE `candidates2016` (
  `candidateID` int(2) NOT NULL,
  `candidateName` varchar(72) NOT NULL
) ENGINE=InnoDB DEFAULT CHARSET=latin1;

--
-- Dumping data for table `candidates2016`
--

INSERT INTO `candidates2016` (`candidateID`, `candidateName`) VALUES
(1, 'Frank Atwood'),
(2, 'Darrell L. Castle'),
(3, 'Hillary Clinton'),
(4, 'Scott Copeland'),
(5, 'Roque \"Rocky\" De La Fuente'),
(6, 'Richard Duncan'),
(7, 'Rocky Giordani'),
(8, 'James \"Jim\" Hedges'),
(9, 'Tom Hoefling'),
(10, 'Princess Jacob'),
(11, 'Gary Johnson'),
(12, 'Lynn S. Kahn'),
(13, 'Chris Keniston'),
(14, 'Alyson Kennedy'),
(15, 'Kyle Kenley Kopitke'),
(16, 'Laurence Kotlikoff'),
(17, 'Gloria Estela La Riva'),
(18, 'Bradford Lyttle'),
(19, 'Joseph Allen Maldonado'),
(20, 'Michael A. Maturen'),
(21, 'Evan McMullin'),
(22, 'Monica Moorehead'),
(23, 'Ryan Alan Scott'),
(24, 'Rod Silva'),
(25, 'Peter Skewes'),
(26, 'Mike Smith'),
(27, 'Emidio Soltysik'),
(28, 'Jill Stein'),
(29, 'Donald J. Trump'),
(30, 'Dan R. Vacek'),
(31, 'Jerry White');

-- --------------------------------------------------------

--
-- Table structure for table `electoralCollege`
--

CREATE TABLE `electoralCollege` (
  `stateAbbr` varchar(2) NOT NULL,
  `year1992` int(2) NOT NULL,
  `year2004` int(2) NOT NULL,
  `year2012` int(2) NOT NULL
) ENGINE=InnoDB DEFAULT CHARSET=latin1;

--
-- Dumping data for table `electoralCollege`
--

INSERT INTO `electoralCollege` (`stateAbbr`, `year1992`, `year2004`, `year2012`) VALUES
('AL', 9, 9, 9),
('AK', 3, 3, 3),
('AZ', 8, 10, 11),
('AR', 6, 6, 6),
('CA', 54, 55, 55),
('CO', 8, 9, 9),
('CT', 8, 7, 7),
('DE', 3, 3, 3),
('DC', 3, 3, 3),
('FL', 25, 27, 29),
('GA', 13, 15, 16),
('HI', 4, 4, 4),
('ID', 4, 4, 4),
('IL', 22, 21, 20),
('IN', 12, 11, 11),
('IA', 7, 7, 6),
('KS', 6, 6, 6),
('KY', 8, 8, 8),
('LA', 9, 9, 8),
('ME', 4, 4, 4),
('MD', 10, 10, 10),
('MA', 12, 12, 11),
('MI', 18, 17, 16),
('MN', 10, 10, 10),
('MS', 7, 6, 6),
('MO', 11, 11, 10),
('MT', 3, 3, 3),
('NE', 5, 5, 5),
('NV', 4, 5, 6),
('NH', 4, 4, 4),
('NJ', 15, 15, 14),
('NM', 5, 5, 5),
('NY', 33, 31, 29),
('NC', 14, 15, 15),
('ND', 3, 3, 3),
('OH', 21, 20, 18),
('OK', 8, 7, 7),
('OR', 7, 7, 7),
('PA', 23, 21, 20),
('RI', 4, 4, 4),
('SC', 8, 8, 9),
('SD', 3, 3, 3),
('TN', 11, 11, 11),
('TX', 32, 34, 38),
('UT', 5, 5, 6),
('VT', 3, 3, 3),
('VA', 13, 13, 13),
('WA', 11, 11, 12),
('WV', 5, 5, 5),
('WI', 11, 10, 10),
('WY', 3, 3, 3);

-- --------------------------------------------------------

--
-- Table structure for table `parties`
--

CREATE TABLE `parties` (
  `partyAbbr` varchar(3) NOT NULL,
  `partyName` varchar(72) NOT NULL
) ENGINE=InnoDB DEFAULT CHARSET=latin1;

--
-- Dumping data for table `parties`
--

INSERT INTO `parties` (`partyAbbr`, `partyName`) VALUES
('ADP', 'American Delta Party'),
('AIP', 'American Independent'),
('AM', 'American Party'),
('AMC', 'American Constitution Party'),
('AMP', 'America’s Party'),
('APV', 'Approval Voting Party'),
('ASP', 'American Solidarity Party'),
('BFA', 'Better for America'),
('BP', 'By Petition'),
('C', 'Conservative'),
('CCS', 'Courage Character Service'),
('CON', 'Constitution'),
('CPF', 'Constitution Party of Florida'),
('D', 'Democratic'),
('DFL', 'Democratic-Farmer Labor'),
('DNL', 'Democratic-Nonpartisan League'),
('GI', 'Green Independent'),
('GPF', 'Green Party of Florida'),
('GR', 'Green-Rainbow'),
('GRE', 'Green'),
('IAP', 'Independent American  Party'),
('IDP', 'Independence'),
('IG', 'Iowa Green'),
('IND', 'Independent'),
('IOC', 'It\'s Our Children'),
('IPC', 'Independent People of Colorado'),
('KFP', 'Kotlikoff for President'),
('LBF', 'Libertarian Party of Florida'),
('LBU', 'Liberty Union'),
('LFC', 'Life, Family, Constitution'),
('LIB', 'Libertarian'),
('LMN', 'Legal Marijuana Now'),
('LTC', 'Loyal Trustworthy Compassion'),
('MTP', 'Mountain Party'),
('N', 'Nonpartisan'),
('NAF', 'Nonaffiliated'),
('NLP', 'Natural Law Party'),
('NP', 'Nominated by Petition'),
('NPI', 'New Independent Party Iowa'),
('NPY', 'No Political Party'),
('NRP', 'Nonviolent Resistance/Pacifist'),
('NTP', 'Nutrition Party'),
('P', 'Prohibition Party'),
('PAF', 'Peace and Freedom'),
('PG', 'Pacific Green'),
('PRO', 'Progressive'),
('PSL', 'Party for Socialism and Liberation'),
('R', 'Republican'),
('RPF', 'Reform Party of Florida'),
('SEA', 'Socialism Equality Anti-War'),
('SLP', 'Socialism and Liberation Party'),
('SOC', 'Socialist Party USA'),
('STG', 'Statehood Green'),
('SWP', 'Socialist Workers Party'),
('UN', 'Unaffiliated'),
('UST', 'U.S. Taxpayers'),
('VP', 'Veterans Party'),
('VPA', 'Veterans Party of America'),
('WEP', 'Women\'s Equality Party'),
('WF', 'Working Families'),
('WG', 'Wisconsin Green'),
('WW', 'Workers World');

-- --------------------------------------------------------

--
-- Table structure for table `partiesspectrum`
--

CREATE TABLE `partiesspectrum` (
  `partyAbbr` varchar(3) NOT NULL,
  `partyName` varchar(72) NOT NULL,
  `rating` int(1) NOT NULL,
  `spectrum` varchar(12) NOT NULL
) ENGINE=InnoDB DEFAULT CHARSET=latin1;

--
-- Dumping data for table `partiesspectrum`
--

INSERT INTO `partiesspectrum` (`partyAbbr`, `partyName`, `rating`, `spectrum`) VALUES
('ADP', 'American Delta Party', 2, 'center-left'),
('AIP', 'American Independent', 5, 'right'),
('AM', 'American Party', 5, 'right'),
('AMC', 'American Constitution Party', 5, 'right'),
('AMP', 'America’s Party', 5, 'right'),
('APV', 'Approval Voting Party', 0, 'neither'),
('ASP', 'American Solidarity Party', 1, 'socialist'),
('BFA', 'Better for America', 4, 'center-right'),
('BP', 'By Petition', 0, 'neither'),
('C', 'Conservative', 5, 'right'),
('CCS', 'Courage Character Service', 5, 'right'),
('CON', 'Constitution', 5, 'right'),
('CPF', 'Constitution Party of Florida', 5, 'right'),
('D', 'Democratic', 2, 'center-left'),
('DFL', 'Democratic-Farmer Labor', 2, 'center-left'),
('DNL', 'Democratic-Nonpartisan League', 2, 'center-left'),
('GI', 'Green Independent', 1, 'socialist'),
('GPF', 'Green Party of Florida', 1, 'socialist'),
('GR', 'Green-Rainbow', 1, 'socialist'),
('GRE', 'Green', 1, 'socialist'),
('IAP', 'Independent American  Party', 5, 'right'),
('IDP', 'Independence', 3, 'center'),
('IG', 'Iowa Green', 1, 'socialist'),
('IND', 'Independent', 0, 'neither'),
('IOC', 'It\'s Our Children', 3, 'center'),
('IPC', 'Independent People of Colorado', 0, 'neither'),
('KFP', 'Kotlikoff for President', 3, 'center'),
('LBF', 'Libertarian Party of Florida', 5, 'right'),
('LBU', 'Liberty Union', 1, 'socialist'),
('LFC', 'Life, Family, Constitution', 5, 'right'),
('LIB', 'Libertarian', 5, 'right'),
('LMN', 'Legal Marijuana Now', 1, 'socialist'),
('LTC', 'Loyal Trustworthy Compassion', 2, 'center-left'),
('MTP', 'Mountain Party', 1, 'socialist'),
('N', 'Nonpartisan', 0, 'neither'),
('NAF', 'Nonaffiliated', 0, 'neither'),
('NLP', 'Natural Law Party', 5, 'right'),
('NP', 'Nominated by Petition', 0, 'neither'),
('NPI', 'New Independent Party Iowa', 1, 'socialist'),
('NPY', 'No Political Party', 0, 'neither'),
('NRP', 'Nonviolent Resistance/Pacifist', 1, 'socialist'),
('NTP', 'Nutrition Party', 3, 'center'),
('P', 'Prohibition Party', 5, 'right'),
('PAF', 'Peace and Freedom', 1, 'socialist'),
('PG', 'Pacific Green', 1, 'socialist'),
('PRO', 'Progressive', 1, 'socialist'),
('PSL', 'Party for Socialism and Liberation', 1, 'socialist'),
('R', 'Republican', 4, 'center-right'),
('RPF', 'Reform Party of Florida', 3, 'center'),
('SEA', 'Socialism Equality Anti-War', 1, 'socialist'),
('SLP', 'Socialism and Liberation Party', 1, 'socialist'),
('SOC', 'Socialist Party USA', 1, 'socialist'),
('STG', 'Statehood Green', 1, 'socialist'),
('SWP', 'Socialist Workers Party', 1, 'socialist'),
('UN', 'Unaffiliated', 0, 'neither'),
('UST', 'U.S. Taxpayers', 5, 'right'),
('VP', 'Veterans Party', 4, 'center-right'),
('VPA', 'Veterans Party of America', 5, 'right'),
('WEP', 'Women\'s Equality Party', 0, 'neither'),
('WF', 'Working Families', 1, 'socialist'),
('WG', 'Wisconsin Green', 1, 'socialist'),
('WW', 'Workers World', 1, 'socialist');

-- --------------------------------------------------------

--
-- Table structure for table `results2016`
--

CREATE TABLE `results2016` (
  `stateAbbr` varchar(2) NOT NULL,
  `candidateID` int(2) NOT NULL,
  `popVotes` int(7) NOT NULL
) ENGINE=InnoDB DEFAULT CHARSET=latin1;

--
-- Dumping data for table `results2016`
--

INSERT INTO `results2016` (`stateAbbr`, `candidateID`, `popVotes`) VALUES
('AL', 1, 0),
('AK', 1, 0),
('AZ', 1, 0),
('AR', 1, 0),
('CA', 1, 0),
('CO', 1, 337),
('CT', 1, 0),
('DE', 1, 0),
('DC', 1, 0),
('FL', 1, 0),
('GA', 1, 0),
('HI', 1, 0),
('ID', 1, 0),
('IL', 1, 0),
('IN', 1, 0),
('IA', 1, 0),
('KS', 1, 0),
('KY', 1, 0),
('LA', 1, 0),
('ME', 1, 0),
('MD', 1, 0),
('MA', 1, 0),
('MI', 1, 0),
('MN', 1, 0),
('MS', 1, 0),
('MO', 1, 0),
('MT', 1, 0),
('NE', 1, 0),
('NV', 1, 0),
('NH', 1, 0),
('NJ', 1, 0),
('NM', 1, 0),
('NY', 1, 0),
('NC', 1, 0),
('ND', 1, 0),
('OH', 1, 0),
('OK', 1, 0),
('OR', 1, 0),
('PA', 1, 0),
('RI', 1, 0),
('SC', 1, 0),
('SD', 1, 0),
('TN', 1, 0),
('TX', 1, 0),
('UT', 1, 0),
('VT', 1, 0),
('VA', 1, 0),
('WA', 1, 0),
('WV', 1, 0),
('WI', 1, 0),
('WY', 1, 0),
('AL', 2, 0),
('AK', 2, 3866),
('AZ', 2, 1058),
('AR', 2, 4613),
('CA', 2, 0),
('CO', 2, 11699),
('CT', 2, 147),
('DE', 2, 74),
('DC', 2, 0),
('FL', 2, 16475),
('GA', 2, 1110),
('HI', 2, 4508),
('ID', 2, 4403),
('IL', 2, 1138),
('IN', 2, 1937),
('IA', 2, 5335),
('KS', 2, 646),
('KY', 2, 438),
('LA', 2, 3129),
('ME', 2, 333),
('MD', 2, 566),
('MA', 2, 0),
('MI', 2, 16139),
('MN', 2, 9456),
('MS', 2, 3987),
('MO', 2, 13092),
('MT', 2, 296),
('NE', 2, 0),
('NV', 2, 5268),
('NH', 2, 0),
('NJ', 2, 6161),
('NM', 2, 1514),
('NY', 2, 897),
('NC', 2, 0),
('ND', 2, 1833),
('OH', 2, 1887),
('OK', 2, 0),
('OR', 2, 0),
('PA', 2, 21572),
('RI', 2, 30),
('SC', 2, 5765),
('SD', 2, 4064),
('TN', 2, 1584),
('TX', 2, 4261),
('UT', 2, 8032),
('VT', 2, 63),
('VA', 2, 0),
('WA', 2, 17623),
('WV', 2, 3807),
('WI', 2, 12162),
('WY', 2, 2042),
('AL', 3, 729547),
('AK', 3, 116454),
('AZ', 3, 1161167),
('AR', 3, 380494),
('CA', 3, 8753788),
('CO', 3, 1338870),
('CT', 3, 897572),
('DE', 3, 235603),
('DC', 3, 282830),
('FL', 3, 4504975),
('GA', 3, 1877963),
('HI', 3, 266891),
('ID', 3, 189765),
('IL', 3, 3090729),
('IN', 3, 1033126),
('IA', 3, 653669),
('KS', 3, 427005),
('KY', 3, 628854),
('LA', 3, 780154),
('ME', 3, 357735),
('MD', 3, 1677928),
('MA', 3, 1995196),
('MI', 3, 2268839),
('MN', 3, 1367716),
('MS', 3, 485131),
('MO', 3, 1071068),
('MT', 3, 177709),
('NE', 3, 284494),
('NV', 3, 539260),
('NH', 3, 348526),
('NJ', 3, 2148278),
('NM', 3, 385234),
('NY', 3, 4556124),
('NC', 3, 2189316),
('ND', 3, 93758),
('OH', 3, 2394164),
('OK', 3, 420375),
('OR', 3, 1002106),
('PA', 3, 2926441),
('RI', 3, 252525),
('SC', 3, 855373),
('SD', 3, 117458),
('TN', 3, 870695),
('TX', 3, 3877868),
('UT', 3, 310676),
('VT', 3, 178573),
('VA', 3, 1981473),
('WA', 3, 1742718),
('WV', 3, 188794),
('WI', 3, 1382536),
('WY', 3, 55973),
('AL', 4, 0),
('AK', 4, 0),
('AZ', 4, 0),
('AR', 4, 0),
('CA', 4, 0),
('CO', 4, 0),
('CT', 4, 0),
('DE', 4, 0),
('DC', 4, 0),
('FL', 4, 0),
('GA', 4, 0),
('HI', 4, 0),
('ID', 4, 2356),
('IL', 4, 0),
('IN', 4, 0),
('IA', 4, 0),
('KS', 4, 0),
('KY', 4, 0),
('LA', 4, 0),
('ME', 4, 0),
('MD', 4, 0),
('MA', 4, 0),
('MI', 4, 0),
('MN', 4, 0),
('MS', 4, 0),
('MO', 4, 0),
('MT', 4, 0),
('NE', 4, 0),
('NV', 4, 0),
('NH', 4, 0),
('NJ', 4, 0),
('NM', 4, 0),
('NY', 4, 0),
('NC', 4, 0),
('ND', 4, 0),
('OH', 4, 0),
('OK', 4, 0),
('OR', 4, 0),
('PA', 4, 0),
('RI', 4, 0),
('SC', 4, 0),
('SD', 4, 0),
('TN', 4, 0),
('TX', 4, 0),
('UT', 4, 0),
('VT', 4, 0),
('VA', 4, 0),
('WA', 4, 0),
('WV', 4, 0),
('WI', 4, 0),
('WY', 4, 0),
('AL', 5, 0),
('AK', 5, 1240),
('AZ', 5, 29),
('AR', 5, 0),
('CA', 5, 0),
('CO', 5, 1255),
('CT', 5, 12),
('DE', 5, 3),
('DC', 5, 0),
('FL', 5, 9108),
('GA', 5, 0),
('HI', 5, 0),
('ID', 5, 1373),
('IL', 5, 0),
('IN', 5, 21),
('IA', 5, 451),
('KS', 5, 3),
('KY', 5, 1128),
('LA', 5, 0),
('ME', 5, 0),
('MD', 5, 14),
('MA', 5, 0),
('MI', 5, 0),
('MN', 5, 1431),
('MS', 5, 644),
('MO', 5, 6),
('MT', 5, 1570),
('NE', 5, 0),
('NV', 5, 2552),
('NH', 5, 678),
('NJ', 5, 1838),
('NM', 5, 475),
('NY', 5, 35),
('NC', 5, 0),
('ND', 5, 364),
('OH', 5, 0),
('OK', 5, 0),
('OR', 5, 0),
('PA', 5, 0),
('RI', 5, 671),
('SC', 5, 0),
('SD', 5, 0),
('TN', 5, 4075),
('TX', 5, 0),
('UT', 5, 883),
('VT', 5, 1063),
('VA', 5, 0),
('WA', 5, 0),
('WV', 5, 3),
('WI', 5, 1502),
('WY', 5, 709),
('AL', 6, 0),
('AK', 6, 0),
('AZ', 6, 0),
('AR', 6, 0),
('CA', 6, 0),
('CO', 6, 0),
('CT', 6, 0),
('DE', 6, 1),
('DC', 6, 0),
('FL', 6, 25),
('GA', 6, 0),
('HI', 6, 0),
('ID', 6, 0),
('IL', 6, 0),
('IN', 6, 25),
('IA', 6, 0),
('KS', 6, 0),
('KY', 6, 2),
('LA', 6, 0),
('ME', 6, 0),
('MD', 6, 18),
('MA', 6, 0),
('MI', 6, 0),
('MN', 6, 0),
('MS', 6, 0),
('MO', 6, 0),
('MT', 6, 0),
('NE', 6, 0),
('NV', 6, 0),
('NH', 6, 0),
('NJ', 6, 0),
('NM', 6, 0),
('NY', 6, 0),
('NC', 6, 0),
('ND', 6, 0),
('OH', 6, 24235),
('OK', 6, 0),
('OR', 6, 0),
('PA', 6, 0),
('RI', 6, 0),
('SC', 6, 0),
('SD', 6, 0),
('TN', 6, 0),
('TX', 6, 0),
('UT', 6, 0),
('VT', 6, 0),
('VA', 6, 0),
('WA', 6, 0),
('WV', 6, 1),
('WI', 6, 0),
('WY', 6, 0),
('AL', 7, 0),
('AK', 7, 0),
('AZ', 7, 0),
('AR', 7, 0),
('CA', 7, 0),
('CO', 7, 0),
('CT', 7, 0),
('DE', 7, 0),
('DC', 7, 0),
('FL', 7, 0),
('GA', 7, 0),
('HI', 7, 0),
('ID', 7, 0),
('IL', 7, 0),
('IN', 7, 0),
('IA', 7, 0),
('KS', 7, 0),
('KY', 7, 0),
('LA', 7, 0),
('ME', 7, 0),
('MD', 7, 0),
('MA', 7, 0),
('MI', 7, 0),
('MN', 7, 0),
('MS', 7, 0),
('MO', 7, 0),
('MT', 7, 0),
('NE', 7, 0),
('NV', 7, 0),
('NH', 7, 0),
('NJ', 7, 0),
('NM', 7, 0),
('NY', 7, 0),
('NC', 7, 0),
('ND', 7, 0),
('OH', 7, 0),
('OK', 7, 0),
('OR', 7, 0),
('PA', 7, 0),
('RI', 7, 0),
('SC', 7, 0),
('SD', 7, 0),
('TN', 7, 0),
('TX', 7, 0),
('UT', 7, 2752),
('VT', 7, 0),
('VA', 7, 0),
('WA', 7, 0),
('WV', 7, 0),
('WI', 7, 0),
('WY', 7, 0),
('AL', 8, 0),
('AK', 8, 0),
('AZ', 8, 0),
('AR', 8, 4709),
('CA', 8, 0),
('CO', 8, 185),
('CT', 8, 0),
('DE', 8, 0),
('DC', 8, 0),
('FL', 8, 0),
('GA', 8, 0),
('HI', 8, 0),
('ID', 8, 0),
('IL', 8, 0),
('IN', 8, 0),
('IA', 8, 0),
('KS', 8, 3),
('KY', 8, 0),
('LA', 8, 0),
('ME', 8, 0),
('MD', 8, 5),
('MA', 8, 0),
('MI', 8, 0),
('MN', 8, 0),
('MS', 8, 715),
('MO', 8, 0),
('MT', 8, 0),
('NE', 8, 0),
('NV', 8, 0),
('NH', 8, 0),
('NJ', 8, 0),
('NM', 8, 0),
('NY', 8, 0),
('NC', 8, 0),
('ND', 8, 0),
('OH', 8, 0),
('OK', 8, 0),
('OR', 8, 0),
('PA', 8, 0),
('RI', 8, 0),
('SC', 8, 0),
('SD', 8, 0),
('TN', 8, 0),
('TX', 8, 0),
('UT', 8, 0),
('VT', 8, 0),
('VA', 8, 0),
('WA', 8, 0),
('WV', 8, 0),
('WI', 8, 0),
('WY', 8, 0),
('AL', 9, 0),
('AK', 9, 0),
('AZ', 9, 85),
('AR', 9, 0),
('CA', 9, 0),
('CO', 9, 710),
('CT', 9, 31),
('DE', 9, 7),
('DC', 9, 0),
('FL', 9, 0),
('GA', 9, 70),
('HI', 9, 0),
('ID', 9, 0),
('IL', 9, 175),
('IN', 9, 269),
('IA', 9, 0),
('KS', 9, 45),
('KY', 9, 39),
('LA', 9, 1581),
('ME', 9, 0),
('MD', 9, 42),
('MA', 9, 0),
('MI', 9, 95),
('MN', 9, 0),
('MS', 9, 0),
('MO', 9, 48),
('MT', 9, 10),
('NE', 9, 0),
('NV', 9, 0),
('NH', 9, 0),
('NJ', 9, 0),
('NM', 9, 0),
('NY', 9, 136),
('NC', 9, 0),
('ND', 9, 0),
('OH', 9, 268),
('OK', 9, 0),
('OR', 9, 0),
('PA', 9, 0),
('RI', 9, 0),
('SC', 9, 0),
('SD', 9, 0),
('TN', 9, 132),
('TX', 9, 932),
('UT', 9, 6),
('VT', 9, 0),
('VA', 9, 0),
('WA', 9, 0),
('WV', 9, 10),
('WI', 9, 80),
('WY', 9, 0),
('AL', 10, 0),
('AK', 10, 0),
('AZ', 10, 0),
('AR', 10, 0),
('CA', 10, 0),
('CO', 10, 0),
('CT', 10, 0),
('DE', 10, 0),
('DC', 10, 0),
('FL', 10, 0),
('GA', 10, 0),
('HI', 10, 0),
('ID', 10, 0),
('IL', 10, 0),
('IN', 10, 0),
('IA', 10, 0),
('KS', 10, 0),
('KY', 10, 0),
('LA', 10, 749),
('ME', 10, 0),
('MD', 10, 0),
('MA', 10, 0),
('MI', 10, 0),
('MN', 10, 0),
('MS', 10, 0),
('MO', 10, 0),
('MT', 10, 0),
('NE', 10, 0),
('NV', 10, 0),
('NH', 10, 0),
('NJ', 10, 0),
('NM', 10, 0),
('NY', 10, 0),
('NC', 10, 0),
('ND', 10, 0),
('OH', 10, 0),
('OK', 10, 0),
('OR', 10, 0),
('PA', 10, 0),
('RI', 10, 0),
('SC', 10, 0),
('SD', 10, 0),
('TN', 10, 0),
('TX', 10, 0),
('UT', 10, 0),
('VT', 10, 0),
('VA', 10, 0),
('WA', 10, 0),
('WV', 10, 0),
('WI', 10, 0),
('WY', 10, 0),
('AL', 11, 44467),
('AK', 11, 18725),
('AZ', 11, 106327),
('AR', 11, 29829),
('CA', 11, 478500),
('CO', 11, 144121),
('CT', 11, 48676),
('DE', 11, 14757),
('DC', 11, 4906),
('FL', 11, 207043),
('GA', 11, 125306),
('HI', 11, 15954),
('ID', 11, 28331),
('IL', 11, 209596),
('IN', 11, 133993),
('IA', 11, 59186),
('KS', 11, 55406),
('KY', 11, 53752),
('LA', 11, 37978),
('ME', 11, 38105),
('MD', 11, 79605),
('MA', 11, 138018),
('MI', 11, 172136),
('MN', 11, 112972),
('MS', 11, 14435),
('MO', 11, 97359),
('MT', 11, 28037),
('NE', 11, 38946),
('NV', 11, 37384),
('NH', 11, 30777),
('NJ', 11, 72477),
('NM', 11, 74541),
('NY', 11, 176598),
('NC', 11, 130126),
('ND', 11, 21434),
('OH', 11, 174498),
('OK', 11, 83481),
('OR', 11, 94231),
('PA', 11, 146715),
('RI', 11, 14746),
('SC', 11, 49204),
('SD', 11, 20850),
('TN', 11, 70397),
('TX', 11, 283492),
('UT', 11, 39608),
('VT', 11, 10078),
('VA', 11, 118274),
('WA', 11, 160879),
('WV', 11, 23004),
('WI', 11, 106674),
('WY', 11, 13287),
('AL', 12, 0),
('AK', 12, 0),
('AZ', 12, 0),
('AR', 12, 3390),
('CA', 12, 0),
('CO', 12, 0),
('CT', 12, 0),
('DE', 12, 1),
('DC', 12, 0),
('FL', 12, 0),
('GA', 12, 0),
('HI', 12, 0),
('ID', 12, 0),
('IL', 12, 0),
('IN', 12, 0),
('IA', 12, 2247),
('KS', 12, 2),
('KY', 12, 0),
('LA', 12, 0),
('ME', 12, 0),
('MD', 12, 18),
('MA', 12, 0),
('MI', 12, 0),
('MN', 12, 0),
('MS', 12, 0),
('MO', 12, 0),
('MT', 12, 0),
('NE', 12, 0),
('NV', 12, 0),
('NH', 12, 0),
('NJ', 12, 0),
('NM', 12, 0),
('NY', 12, 72),
('NC', 12, 0),
('ND', 12, 0),
('OH', 12, 0),
('OK', 12, 0),
('OR', 12, 0),
('PA', 12, 3),
('RI', 12, 0),
('SC', 12, 0),
('SD', 12, 0),
('TN', 12, 0),
('TX', 12, 0),
('UT', 12, 0),
('VT', 12, 0),
('VA', 12, 0),
('WA', 12, 0),
('WV', 12, 0),
('WI', 12, 0),
('WY', 12, 0),
('AL', 13, 0),
('AK', 13, 0),
('AZ', 13, 0),
('AR', 13, 0),
('CA', 13, 0),
('CO', 13, 5028),
('CT', 13, 0),
('DE', 13, 0),
('DC', 13, 0),
('FL', 13, 0),
('GA', 13, 0),
('HI', 13, 0),
('ID', 13, 0),
('IL', 13, 0),
('IN', 13, 0),
('IA', 13, 0),
('KS', 13, 0),
('KY', 13, 22),
('LA', 13, 1881),
('ME', 13, 0),
('MD', 13, 0),
('MA', 13, 0),
('MI', 13, 0),
('MN', 13, 0),
('MS', 13, 0),
('MO', 13, 0),
('MT', 13, 0),
('NE', 13, 0),
('NV', 13, 0),
('NH', 13, 0),
('NJ', 13, 0),
('NM', 13, 0),
('NY', 13, 90),
('NC', 13, 0),
('ND', 13, 0),
('OH', 13, 114),
('OK', 13, 0),
('OR', 13, 0),
('PA', 13, 0),
('RI', 13, 0),
('SC', 13, 0),
('SD', 13, 0),
('TN', 13, 0),
('TX', 13, 0),
('UT', 13, 0),
('VT', 13, 3),
('VA', 13, 0),
('WA', 13, 0),
('WV', 13, 0),
('WI', 13, 67),
('WY', 13, 0),
('AL', 14, 0),
('AK', 14, 0),
('AZ', 14, 0),
('AR', 14, 0),
('CA', 14, 0),
('CO', 14, 452),
('CT', 14, 0),
('DE', 14, 0),
('DC', 14, 0),
('FL', 14, 0),
('GA', 14, 0),
('HI', 14, 0),
('ID', 14, 0),
('IL', 14, 0),
('IN', 14, 0),
('IA', 14, 0),
('KS', 14, 0),
('KY', 14, 0),
('LA', 14, 480),
('ME', 14, 0),
('MD', 14, 0),
('MA', 14, 0),
('MI', 14, 0),
('MN', 14, 1672),
('MS', 14, 0),
('MO', 14, 0),
('MT', 14, 0),
('NE', 14, 0),
('NV', 14, 0),
('NH', 14, 0),
('NJ', 14, 2156),
('NM', 14, 0),
('NY', 14, 0),
('NC', 14, 0),
('ND', 14, 0),
('OH', 14, 0),
('OK', 14, 0),
('OR', 14, 0),
('PA', 14, 0),
('RI', 14, 0),
('SC', 14, 0),
('SD', 14, 0),
('TN', 14, 2877),
('TX', 14, 0),
('UT', 14, 521),
('VT', 14, 2),
('VA', 14, 0),
('WA', 14, 4307),
('WV', 14, 0),
('WI', 14, 0),
('WY', 14, 0),
('AL', 15, 0),
('AK', 15, 0),
('AZ', 15, 0),
('AR', 15, 0),
('CA', 15, 0),
('CO', 15, 1096),
('CT', 15, 0),
('DE', 15, 0),
('DC', 15, 0),
('FL', 15, 0),
('GA', 15, 0),
('HI', 15, 0),
('ID', 15, 0),
('IL', 15, 0),
('IN', 15, 0),
('IA', 15, 0),
('KS', 15, 0),
('KY', 15, 0),
('LA', 15, 0),
('ME', 15, 0),
('MD', 15, 0),
('MA', 15, 0),
('MI', 15, 0),
('MN', 15, 0),
('MS', 15, 0),
('MO', 15, 0),
('MT', 15, 0),
('NE', 15, 0),
('NV', 15, 0),
('NH', 15, 0),
('NJ', 15, 0),
('NM', 15, 0),
('NY', 15, 0),
('NC', 15, 0),
('ND', 15, 0),
('OH', 15, 0),
('OK', 15, 0),
('OR', 15, 0),
('PA', 15, 0),
('RI', 15, 0),
('SC', 15, 0),
('SD', 15, 0),
('TN', 15, 0),
('TX', 15, 0),
('UT', 15, 0),
('VT', 15, 0),
('VA', 15, 0),
('WA', 15, 0),
('WV', 15, 0),
('WI', 15, 0),
('WY', 15, 0),
('AL', 16, 0),
('AK', 16, 0),
('AZ', 16, 52),
('AR', 16, 0),
('CA', 16, 402),
('CO', 16, 392),
('CT', 16, 23),
('DE', 16, 0),
('DC', 16, 0),
('FL', 16, 74),
('GA', 16, 34),
('HI', 16, 0),
('ID', 16, 0),
('IL', 16, 82),
('IN', 16, 49),
('IA', 16, 0),
('KS', 16, 0),
('KY', 16, 8),
('LA', 16, 1048),
('ME', 16, 16),
('MD', 16, 73),
('MA', 16, 28),
('MI', 16, 87),
('MN', 16, 0),
('MS', 16, 0),
('MO', 16, 28),
('MT', 16, 7),
('NE', 16, 0),
('NV', 16, 0),
('NH', 16, 0),
('NJ', 16, 0),
('NM', 16, 0),
('NY', 16, 0),
('NC', 16, 0),
('ND', 16, 0),
('OH', 16, 90),
('OK', 16, 0),
('OR', 16, 0),
('PA', 16, 0),
('RI', 16, 0),
('SC', 16, 0),
('SD', 16, 0),
('TN', 16, 20),
('TX', 16, 1037),
('UT', 16, 9),
('VT', 16, 3),
('VA', 16, 0),
('WA', 16, 0),
('WV', 16, 4),
('WI', 16, 15),
('WY', 16, 0),
('AL', 17, 0),
('AK', 17, 0),
('AZ', 17, 0),
('AR', 17, 0),
('CA', 17, 66101),
('CO', 17, 531),
('CT', 17, 41),
('DE', 17, 3),
('DC', 17, 0),
('FL', 17, 0),
('GA', 17, 0),
('HI', 17, 0),
('ID', 17, 0),
('IL', 17, 0),
('IN', 17, 0),
('IA', 17, 323),
('KS', 17, 7),
('KY', 17, 0),
('LA', 17, 446),
('ME', 17, 0),
('MD', 17, 48),
('MA', 17, 0),
('MI', 17, 0),
('MN', 17, 0),
('MS', 17, 0),
('MO', 17, 0),
('MT', 17, 0),
('NE', 17, 0),
('NV', 17, 0),
('NH', 17, 0),
('NJ', 17, 1682),
('NM', 17, 1184),
('NY', 17, 174),
('NC', 17, 0),
('ND', 17, 0),
('OH', 17, 0),
('OK', 17, 0),
('OR', 17, 0),
('PA', 17, 0),
('RI', 17, 0),
('SC', 17, 0),
('SD', 17, 0),
('TN', 17, 0),
('TX', 17, 0),
('UT', 17, 0),
('VT', 17, 327),
('VA', 17, 0),
('WA', 17, 3523),
('WV', 17, 2),
('WI', 17, 0),
('WY', 17, 0),
('AL', 18, 0),
('AK', 18, 0),
('AZ', 18, 0),
('AR', 18, 0),
('CA', 18, 0),
('CO', 18, 382),
('CT', 18, 0),
('DE', 18, 0),
('DC', 18, 0),
('FL', 18, 0),
('GA', 18, 0),
('HI', 18, 0),
('ID', 18, 0),
('IL', 18, 0),
('IN', 18, 0),
('IA', 18, 0),
('KS', 18, 0),
('KY', 18, 0),
('LA', 18, 0),
('ME', 18, 0),
('MD', 18, 0),
('MA', 18, 0),
('MI', 18, 0),
('MN', 18, 0),
('MS', 18, 0),
('MO', 18, 0),
('MT', 18, 0),
('NE', 18, 0),
('NV', 18, 0),
('NH', 18, 0),
('NJ', 18, 0),
('NM', 18, 0),
('NY', 18, 0),
('NC', 18, 0),
('ND', 18, 0),
('OH', 18, 0),
('OK', 18, 0),
('OR', 18, 0),
('PA', 18, 0),
('RI', 18, 0),
('SC', 18, 0),
('SD', 18, 0),
('TN', 18, 0),
('TX', 18, 0),
('UT', 18, 0),
('VT', 18, 0),
('VA', 18, 0),
('WA', 18, 0),
('WV', 18, 0),
('WI', 18, 0),
('WY', 18, 0),
('AL', 19, 0),
('AK', 19, 0),
('AZ', 19, 20),
('AR', 19, 0),
('CA', 19, 0),
('CO', 19, 872),
('CT', 19, 4),
('DE', 19, 1),
('DC', 19, 0),
('FL', 19, 0),
('GA', 19, 0),
('HI', 19, 0),
('ID', 19, 0),
('IL', 19, 20),
('IN', 19, 7),
('IA', 19, 0),
('KS', 19, 0),
('KY', 19, 2),
('LA', 19, 0),
('ME', 19, 0),
('MD', 19, 12),
('MA', 19, 0),
('MI', 19, 0),
('MN', 19, 0),
('MS', 19, 0),
('MO', 19, 0),
('MT', 19, 1),
('NE', 19, 0),
('NV', 19, 0),
('NH', 19, 0),
('NJ', 19, 0),
('NM', 19, 0),
('NY', 19, 0),
('NC', 19, 0),
('ND', 19, 0),
('OH', 19, 18),
('OK', 19, 0),
('OR', 19, 0),
('PA', 19, 0),
('RI', 19, 0),
('SC', 19, 0),
('SD', 19, 0),
('TN', 19, 0),
('TX', 19, 0),
('UT', 19, 0),
('VT', 19, 0),
('VA', 19, 0),
('WA', 19, 0),
('WV', 19, 1),
('WI', 19, 4),
('WY', 19, 0),
('AL', 20, 0),
('AK', 20, 0),
('AZ', 20, 0),
('AR', 20, 0),
('CA', 20, 1316),
('CO', 20, 862),
('CT', 20, 0),
('DE', 20, 0),
('DC', 20, 0),
('FL', 20, 0),
('GA', 20, 151),
('HI', 20, 0),
('ID', 20, 0),
('IL', 20, 0),
('IN', 20, 0),
('IA', 20, 0),
('KS', 20, 214),
('KY', 20, 155),
('LA', 20, 0),
('ME', 20, 0),
('MD', 20, 504),
('MA', 20, 0),
('MI', 20, 517),
('MN', 20, 0),
('MS', 20, 0),
('MO', 20, 0),
('MT', 20, 0),
('NE', 20, 0),
('NV', 20, 0),
('NH', 20, 0),
('NJ', 20, 0),
('NM', 20, 0),
('NY', 20, 458),
('NC', 20, 0),
('ND', 20, 0),
('OH', 20, 552),
('OK', 20, 0),
('OR', 20, 0),
('PA', 20, 0),
('RI', 20, 46),
('SC', 20, 0),
('SD', 20, 0),
('TN', 20, 0),
('TX', 20, 1401),
('UT', 20, 0),
('VT', 20, 14),
('VA', 20, 0),
('WA', 20, 0),
('WV', 20, 0),
('WI', 20, 284),
('WY', 20, 0),
('AL', 21, 0),
('AK', 21, 0),
('AZ', 21, 17449),
('AR', 21, 13255),
('CA', 21, 39596),
('CO', 21, 28917),
('CT', 21, 2108),
('DE', 21, 706),
('DC', 21, 0),
('FL', 21, 0),
('GA', 21, 13017),
('HI', 21, 0),
('ID', 21, 46476),
('IL', 21, 11655),
('IN', 21, 0),
('IA', 21, 12366),
('KS', 21, 6520),
('KY', 21, 22780),
('LA', 21, 8547),
('ME', 21, 1887),
('MD', 21, 9630),
('MA', 21, 2719),
('MI', 21, 8177),
('MN', 21, 53076),
('MS', 21, 0),
('MO', 21, 7071),
('MT', 21, 2297),
('NE', 21, 0),
('NV', 21, 0),
('NH', 21, 1064),
('NJ', 21, 0),
('NM', 21, 5825),
('NY', 21, 10373),
('NC', 21, 0),
('ND', 21, 0),
('OH', 21, 12574),
('OK', 21, 0),
('OR', 21, 0),
('PA', 21, 6472),
('RI', 21, 516),
('SC', 21, 21016),
('SD', 21, 0),
('TN', 21, 11991),
('TX', 21, 42366),
('UT', 21, 243690),
('VT', 21, 639),
('VA', 21, 54054),
('WA', 21, 0),
('WV', 21, 1104),
('WI', 21, 11855),
('WY', 21, 0),
('AL', 22, 0),
('AK', 22, 0),
('AZ', 22, 0),
('AR', 22, 0),
('CA', 22, 0),
('CO', 22, 0),
('CT', 22, 0),
('DE', 22, 0),
('DC', 22, 0),
('FL', 22, 0),
('GA', 22, 0),
('HI', 22, 0),
('ID', 22, 0),
('IL', 22, 0),
('IN', 22, 0),
('IA', 22, 0),
('KS', 22, 0),
('KY', 22, 0),
('LA', 22, 0),
('ME', 22, 0),
('MD', 22, 0),
('MA', 22, 15),
('MI', 22, 30),
('MN', 22, 0),
('MS', 22, 0),
('MO', 22, 0),
('MT', 22, 0),
('NE', 22, 0),
('NV', 22, 0),
('NH', 22, 0),
('NJ', 22, 1749),
('NM', 22, 0),
('NY', 22, 68),
('NC', 22, 0),
('ND', 22, 0),
('OH', 22, 19),
('OK', 22, 0),
('OR', 22, 0),
('PA', 22, 0),
('RI', 22, 0),
('SC', 22, 0),
('SD', 22, 0),
('TN', 22, 0),
('TX', 22, 122),
('UT', 22, 544),
('VT', 22, 0),
('VA', 22, 0),
('WA', 22, 0),
('WV', 22, 0),
('WI', 22, 1770),
('WY', 22, 0),
('AL', 23, 0),
('AK', 23, 0),
('AZ', 23, 0),
('AR', 23, 0),
('CA', 23, 0),
('CO', 23, 749),
('CT', 23, 0),
('DE', 23, 2),
('DC', 23, 0),
('FL', 23, 0),
('GA', 23, 0),
('HI', 23, 0),
('ID', 23, 0),
('IL', 23, 0),
('IN', 23, 0),
('IA', 23, 0),
('KS', 23, 0),
('KY', 23, 0),
('LA', 23, 0),
('ME', 23, 0),
('MD', 23, 0),
('MA', 23, 0),
('MI', 23, 0),
('MN', 23, 0),
('MS', 23, 0),
('MO', 23, 0),
('MT', 23, 0),
('NE', 23, 0),
('NV', 23, 0),
('NH', 23, 0),
('NJ', 23, 0),
('NM', 23, 0),
('NY', 23, 3),
('NC', 23, 0),
('ND', 23, 0),
('OH', 23, 0),
('OK', 23, 0),
('OR', 23, 0),
('PA', 23, 0),
('RI', 23, 0),
('SC', 23, 0),
('SD', 23, 0),
('TN', 23, 0),
('TX', 23, 0),
('UT', 23, 0),
('VT', 23, 0),
('VA', 23, 0),
('WA', 23, 0),
('WV', 23, 0),
('WI', 23, 0),
('WY', 23, 0),
('AL', 24, 0),
('AK', 24, 0),
('AZ', 24, 0),
('AR', 24, 0),
('CA', 24, 0),
('CO', 24, 751),
('CT', 24, 0),
('DE', 24, 0),
('DC', 24, 0),
('FL', 24, 0),
('GA', 24, 0),
('HI', 24, 0),
('ID', 24, 0),
('IL', 24, 0),
('IN', 24, 0),
('IA', 24, 0),
('KS', 24, 0),
('KY', 24, 0),
('LA', 24, 0),
('ME', 24, 0),
('MD', 24, 0),
('MA', 24, 0),
('MI', 24, 0),
('MN', 24, 0),
('MS', 24, 0),
('MO', 24, 0),
('MT', 24, 0),
('NE', 24, 0),
('NV', 24, 0),
('NH', 24, 0),
('NJ', 24, 0),
('NM', 24, 0),
('NY', 24, 0),
('NC', 24, 0),
('ND', 24, 0),
('OH', 24, 0),
('OK', 24, 0),
('OR', 24, 0),
('PA', 24, 0),
('RI', 24, 0),
('SC', 24, 0),
('SD', 24, 0),
('TN', 24, 0),
('TX', 24, 0),
('UT', 24, 0),
('VT', 24, 0),
('VA', 24, 0),
('WA', 24, 0),
('WV', 24, 0),
('WI', 24, 0),
('WY', 24, 0),
('AL', 25, 0),
('AK', 25, 0),
('AZ', 25, 0),
('AR', 25, 0),
('CA', 25, 0),
('CO', 25, 0),
('CT', 25, 4),
('DE', 25, 0),
('DC', 25, 0),
('FL', 25, 0),
('GA', 25, 0),
('HI', 25, 0),
('ID', 25, 0),
('IL', 25, 0),
('IN', 25, 0),
('IA', 25, 0),
('KS', 25, 0),
('KY', 25, 0),
('LA', 25, 0),
('ME', 25, 0),
('MD', 25, 0),
('MA', 25, 0),
('MI', 25, 0),
('MN', 25, 0),
('MS', 25, 0),
('MO', 25, 0),
('MT', 25, 0),
('NE', 25, 0),
('NV', 25, 0),
('NH', 25, 0),
('NJ', 25, 0),
('NM', 25, 0),
('NY', 25, 0),
('NC', 25, 0),
('ND', 25, 0),
('OH', 25, 0),
('OK', 25, 0),
('OR', 25, 0),
('PA', 25, 0),
('RI', 25, 0),
('SC', 25, 3246),
('SD', 25, 0),
('TN', 25, 0),
('TX', 25, 0),
('UT', 25, 0),
('VT', 25, 0),
('VA', 25, 0),
('WA', 25, 0),
('WV', 25, 0),
('WI', 25, 0),
('WY', 25, 0),
('AL', 26, 0),
('AK', 26, 0),
('AZ', 26, 62),
('AR', 26, 0),
('CA', 26, 0),
('CO', 26, 1819),
('CT', 26, 12),
('DE', 26, 3),
('DC', 26, 0),
('FL', 26, 0),
('GA', 26, 53),
('HI', 26, 0),
('ID', 26, 0),
('IL', 26, 0),
('IN', 26, 0),
('IA', 26, 0),
('KS', 26, 6),
('KY', 26, 9),
('LA', 26, 0),
('ME', 26, 0),
('MD', 26, 13),
('MA', 26, 0),
('MI', 26, 0),
('MN', 26, 0),
('MS', 26, 0),
('MO', 26, 0),
('MT', 26, 1),
('NE', 26, 0),
('NV', 26, 0),
('NH', 26, 0),
('NJ', 26, 0),
('NM', 26, 0),
('NY', 26, 0),
('NC', 26, 0),
('ND', 26, 0),
('OH', 26, 62),
('OK', 26, 0),
('OR', 26, 0),
('PA', 26, 0),
('RI', 26, 0),
('SC', 26, 0),
('SD', 26, 0),
('TN', 26, 7276),
('TX', 26, 0),
('UT', 26, 19),
('VT', 26, 1),
('VA', 26, 0),
('WA', 26, 0),
('WV', 26, 2),
('WI', 26, 0),
('WY', 26, 0),
('AL', 27, 0),
('AK', 27, 0),
('AZ', 27, 0),
('AR', 27, 0),
('CA', 27, 0),
('CO', 27, 271),
('CT', 27, 0),
('DE', 27, 0),
('DC', 27, 0),
('FL', 27, 0),
('GA', 27, 0),
('HI', 27, 0),
('ID', 27, 0),
('IL', 27, 0),
('IN', 27, 57),
('IA', 27, 0),
('KS', 27, 0),
('KY', 27, 0),
('LA', 27, 0),
('ME', 27, 0),
('MD', 27, 6),
('MA', 27, 0),
('MI', 27, 2209),
('MN', 27, 0),
('MS', 27, 0),
('MO', 27, 0),
('MT', 27, 1),
('NE', 27, 0),
('NV', 27, 0),
('NH', 27, 0),
('NJ', 27, 0),
('NM', 27, 0),
('NY', 27, 36),
('NC', 27, 0),
('ND', 27, 0),
('OH', 27, 0),
('OK', 27, 0),
('OR', 27, 0),
('PA', 27, 0),
('RI', 27, 2),
('SC', 27, 0),
('SD', 27, 0),
('TN', 27, 0),
('TX', 27, 72),
('UT', 27, 4),
('VT', 27, 2),
('VA', 27, 0),
('WA', 27, 0),
('WV', 27, 0),
('WI', 27, 33),
('WY', 27, 0),
('AL', 28, 9391),
('AK', 28, 5735),
('AZ', 28, 34345),
('AR', 28, 9473),
('CA', 28, 278657),
('CO', 28, 38437),
('CT', 28, 22841),
('DE', 28, 6103),
('DC', 28, 4258),
('FL', 28, 64399),
('GA', 28, 7674),
('HI', 28, 12737),
('ID', 28, 8496),
('IL', 28, 76802),
('IN', 28, 7841),
('IA', 28, 11479),
('KS', 28, 23506),
('KY', 28, 13913),
('LA', 28, 14031),
('ME', 28, 14251),
('MD', 28, 35945),
('MA', 28, 47661),
('MI', 28, 51463),
('MN', 28, 36985),
('MS', 28, 3731),
('MO', 28, 25419),
('MT', 28, 7970),
('NE', 28, 8775),
('NV', 28, 0),
('NH', 28, 6496),
('NJ', 28, 37772),
('NM', 28, 9879),
('NY', 28, 107934),
('NC', 28, 12105),
('ND', 28, 3780),
('OH', 28, 46271),
('OK', 28, 0),
('OR', 28, 50002),
('PA', 28, 49941),
('RI', 28, 6220),
('SC', 28, 13034),
('SD', 28, 0),
('TN', 28, 15993),
('TX', 28, 71558),
('UT', 28, 9438),
('VT', 28, 6758),
('VA', 28, 27638),
('WA', 28, 58417),
('WV', 28, 8075),
('WI', 28, 31072),
('WY', 28, 2515),
('AL', 29, 1318255),
('AK', 29, 163387),
('AZ', 29, 1252401),
('AR', 29, 684872),
('CA', 29, 4483810),
('CO', 29, 1202484),
('CT', 29, 673215),
('DE', 29, 185127),
('DC', 29, 12723),
('FL', 29, 4617886),
('GA', 29, 2089104),
('HI', 29, 128847),
('ID', 29, 409055),
('IL', 29, 2146015),
('IN', 29, 1557286),
('IA', 29, 800983),
('KS', 29, 671018),
('KY', 29, 1202971),
('LA', 29, 1178638),
('ME', 29, 335593),
('MD', 29, 943169),
('MA', 29, 1090893),
('MI', 29, 2279543),
('MN', 29, 1322951),
('MS', 29, 700714),
('MO', 29, 1594511),
('MT', 29, 279240),
('NE', 29, 495961),
('NV', 29, 512058),
('NH', 29, 345790),
('NJ', 29, 1601933),
('NM', 29, 319667),
('NY', 29, 2819534),
('NC', 29, 2362631),
('ND', 29, 216794),
('OH', 29, 2841005),
('OK', 29, 949136),
('OR', 29, 782403),
('PA', 29, 2970733),
('RI', 29, 180543),
('SC', 29, 1155389),
('SD', 29, 227721),
('TN', 29, 1522925),
('TX', 29, 4685047),
('UT', 29, 515231),
('VT', 29, 95369),
('VA', 29, 1769443),
('WA', 29, 1221747),
('WV', 29, 489371),
('WI', 29, 1405284),
('WY', 29, 174419),
('AL', 30, 0),
('AK', 30, 0),
('AZ', 30, 0),
('AR', 30, 0),
('CA', 30, 0),
('CO', 30, 0),
('CT', 30, 0),
('DE', 30, 0),
('DC', 30, 0),
('FL', 30, 0),
('GA', 30, 0),
('HI', 30, 0),
('ID', 30, 0),
('IL', 30, 0),
('IN', 30, 0),
('IA', 30, 2246),
('KS', 30, 0),
('KY', 30, 0),
('LA', 30, 0),
('ME', 30, 0),
('MD', 30, 0),
('MA', 30, 0),
('MI', 30, 0),
('MN', 30, 11291),
('MS', 30, 0),
('MO', 30, 0),
('MT', 30, 0),
('NE', 30, 0),
('NV', 30, 0),
('NH', 30, 0),
('NJ', 30, 0),
('NM', 30, 0),
('NY', 30, 0),
('NC', 30, 0),
('ND', 30, 0),
('OH', 30, 0),
('OK', 30, 0),
('OR', 30, 0),
('PA', 30, 0),
('RI', 30, 0),
('SC', 30, 0),
('SD', 30, 0),
('TN', 30, 0),
('TX', 30, 0),
('UT', 30, 0),
('VT', 30, 0),
('VA', 30, 0),
('WA', 30, 0),
('WV', 30, 0),
('WI', 30, 0),
('WY', 30, 0),
('AL', 31, 0),
('AK', 31, 0),
('AZ', 31, 0),
('AR', 31, 0),
('CA', 31, 84),
('CO', 31, 0),
('CT', 31, 0),
('DE', 31, 2),
('DC', 31, 0),
('FL', 31, 0),
('GA', 31, 0),
('HI', 31, 0),
('ID', 31, 0),
('IL', 31, 0),
('IN', 31, 0),
('IA', 31, 0),
('KS', 31, 0),
('KY', 31, 4),
('LA', 31, 370),
('ME', 31, 0),
('MD', 31, 11),
('MA', 31, 0),
('MI', 31, 0),
('MN', 31, 0),
('MS', 31, 0),
('MO', 31, 0),
('MT', 31, 0),
('NE', 31, 0),
('NV', 31, 0),
('NH', 31, 0),
('NJ', 31, 0),
('NM', 31, 0),
('NY', 31, 0),
('NC', 31, 0),
('ND', 31, 0),
('OH', 31, 0),
('OK', 31, 0),
('OR', 31, 0),
('PA', 31, 0),
('RI', 31, 0),
('SC', 31, 0),
('SD', 31, 0),
('TN', 31, 0),
('TX', 31, 0),
('UT', 31, 0),
('VT', 31, 2),
('VA', 31, 0),
('WA', 31, 0),
('WV', 31, 2),
('WI', 31, 0),
('WY', 31, 0);

-- --------------------------------------------------------

--
-- Table structure for table `spectrum`
--

CREATE TABLE `spectrum` (
  `partyAbbr` varchar(3) NOT NULL,
  `rating` int(1) NOT NULL,
  `spectrum` varchar(12) NOT NULL
) ENGINE=InnoDB DEFAULT CHARSET=latin1;

--
-- Dumping data for table `spectrum`
--

INSERT INTO `spectrum` (`partyAbbr`, `rating`, `spectrum`) VALUES
('IDP', 3, 'center'),
('IOC', 3, 'center'),
('KFP', 3, 'center'),
('RPF', 3, 'center'),
('NTP', 3, 'center'),
('ADP', 2, 'center-left'),
('D', 2, 'center-left'),
('DFL', 2, 'center-left'),
('DNL', 2, 'center-left'),
('LTC', 2, 'center-left'),
('BFA', 4, 'center-right'),
('R', 4, 'center-right'),
('VP', 4, 'center-right'),
('APV', 0, 'neither'),
('BP', 0, 'neither'),
('IND', 0, 'neither'),
('IPC', 0, 'neither'),
('N', 0, 'neither'),
('NAF', 0, 'neither'),
('NP', 0, 'neither'),
('NPY', 0, 'neither'),
('UN', 0, 'neither'),
('WEP', 0, 'neither'),
('AIP', 5, 'right'),
('AM', 5, 'right'),
('AMC', 5, 'right'),
('AMP', 5, 'right'),
('C', 5, 'right'),
('CCS', 5, 'right'),
('CON', 5, 'right'),
('CPF', 5, 'right'),
('IAP', 5, 'right'),
('LBF', 5, 'right'),
('LFC', 5, 'right'),
('LIB', 5, 'right'),
('NLP', 5, 'right'),
('P', 5, 'right'),
('UST', 5, 'right'),
('VPA', 5, 'right'),
('ASP', 1, 'socialist'),
('GI', 1, 'socialist'),
('GPF', 1, 'socialist'),
('GR', 1, 'socialist'),
('GRE', 1, 'socialist'),
('IG', 1, 'socialist'),
('LBU', 1, 'socialist'),
('LMN', 1, 'socialist'),
('MTP', 1, 'socialist'),
('NPI', 1, 'socialist'),
('NRP', 1, 'socialist'),
('PAF', 1, 'socialist'),
('PG', 1, 'socialist'),
('PRO', 1, 'socialist'),
('PSL', 1, 'socialist'),
('SEA', 1, 'socialist'),
('SLP', 1, 'socialist'),
('SOC', 1, 'socialist'),
('STG', 1, 'socialist'),
('SWP', 1, 'socialist'),
('WF', 1, 'socialist'),
('WG', 1, 'socialist'),
('WW', 1, 'socialist');

-- --------------------------------------------------------

--
-- Table structure for table `states`
--

CREATE TABLE `states` (
  `stateAbbr` varchar(2) NOT NULL,
  `stateName` varchar(72) NOT NULL
) ENGINE=InnoDB DEFAULT CHARSET=latin1;

--
-- Dumping data for table `states`
--

INSERT INTO `states` (`stateAbbr`, `stateName`) VALUES
('AK', 'Alaska'),
('AL', 'Alabama'),
('AR', 'Arkansas'),
('AZ', 'Arizona'),
('CA', 'California'),
('CO', 'Colorado'),
('CT', 'Connecticut'),
('DC', 'District of Columbia'),
('DE', 'Delaware'),
('FL', 'Florida'),
('GA', 'Georgia'),
('HI', 'Hawaii'),
('IA', 'Iowa'),
('ID', 'Idaho'),
('IL', 'Illinois'),
('IN', 'Indiana'),
('KS', 'Kansas'),
('KY', 'Kentucky'),
('LA', 'Louisiana'),
('MA', 'Massachusetts'),
('MD', 'Maryland'),
('ME', 'Maine'),
('MI', 'Michigan'),
('MN', 'Minnesota'),
('MO', 'Missouri'),
('MS', 'Mississippi'),
('MT', 'Montana'),
('NC', 'North Carolina'),
('ND', 'North Dakota'),
('NE', 'Nebraska'),
('NH', 'New Hampshire'),
('NJ', 'New Jersey'),
('NM', 'New Mexico'),
('NV', 'Nevada'),
('NY', 'New York'),
('OH', 'Ohio'),
('OK', 'Oklahoma'),
('OR', 'Oregon'),
('PA', 'Pennsylvania'),
('RI', 'Rhode Island'),
('SC', 'South Carolina'),
('SD', 'South Dakota'),
('TN', 'Tennessee'),
('TX', 'Texas'),
('UT', 'Utah'),
('VA', 'Virginia'),
('VT', 'Vermont'),
('WA', 'Washington'),
('WI', 'Wisconsin'),
('WV', 'West Virginia'),
('WY', 'Wyoming');

--
-- Indexes for dumped tables
--

--
-- Indexes for table `affiliations2`
--
ALTER TABLE `affiliations2`
  ADD PRIMARY KEY (`id`),
  ADD KEY `candidateID` (`candidateID`),
  ADD KEY `partyAbbr` (`partyAbbr`),
  ADD KEY `stateAbbr_index` (`stateAbbr`);

--
-- Indexes for table `affiliations2016`
--
ALTER TABLE `affiliations2016`
  ADD PRIMARY KEY (`id`),
  ADD KEY `candidateID` (`candidateID`),
  ADD KEY `partyAbbr` (`partyAbbr`),
  ADD KEY `stateAbbr_index` (`stateAbbr`);

--
-- Indexes for table `candidates2016`
--
ALTER TABLE `candidates2016`
  ADD PRIMARY KEY (`candidateID`);

--
-- Indexes for table `electoralCollege`
--
ALTER TABLE `electoralCollege`
  ADD KEY `stateAbbr` (`stateAbbr`);

--
-- Indexes for table `parties`
--
ALTER TABLE `parties`
  ADD PRIMARY KEY (`partyAbbr`);

--
-- Indexes for table `partiesspectrum`
--
ALTER TABLE `partiesspectrum`
  ADD PRIMARY KEY (`partyAbbr`),
  ADD KEY `rating_index` (`rating`),
  ADD KEY `spectrum_index` (`spectrum`);

--
-- Indexes for table `results2016`
--
ALTER TABLE `results2016`
  ADD KEY `stateAbbr` (`stateAbbr`),
  ADD KEY `candidateID` (`candidateID`);

--
-- Indexes for table `spectrum`
--
ALTER TABLE `spectrum`
  ADD KEY `partyAbbr` (`partyAbbr`),
  ADD KEY `rating` (`rating`);

--
-- Indexes for table `states`
--
ALTER TABLE `states`
  ADD PRIMARY KEY (`stateAbbr`);

--
-- AUTO_INCREMENT for dumped tables
--

--
-- AUTO_INCREMENT for table `affiliations2`
--
ALTER TABLE `affiliations2`
  MODIFY `id` int(4) NOT NULL AUTO_INCREMENT, AUTO_INCREMENT=303;

--
-- AUTO_INCREMENT for table `affiliations2016`
--
ALTER TABLE `affiliations2016`
  MODIFY `id` int(4) NOT NULL AUTO_INCREMENT, AUTO_INCREMENT=303;

--
-- AUTO_INCREMENT for table `candidates2016`
--
ALTER TABLE `candidates2016`
  MODIFY `candidateID` int(2) NOT NULL AUTO_INCREMENT, AUTO_INCREMENT=32;

--
-- Constraints for dumped tables
--

--
-- Constraints for table `affiliations2016`
--
ALTER TABLE `affiliations2016`
  ADD CONSTRAINT `affiliations2016_ibfk_1` FOREIGN KEY (`candidateID`) REFERENCES `candidates2016` (`candidateID`),
  ADD CONSTRAINT `affiliations2016_ibfk_2` FOREIGN KEY (`partyAbbr`) REFERENCES `parties` (`partyAbbr`),
  ADD CONSTRAINT `affiliations2016_ibfk_3` FOREIGN KEY (`stateAbbr`) REFERENCES `states` (`stateAbbr`);

--
-- Constraints for table `electoralCollege`
--
ALTER TABLE `electoralCollege`
  ADD CONSTRAINT `electoralCollege_ibfk_1` FOREIGN KEY (`stateAbbr`) REFERENCES `states` (`stateAbbr`);

--
-- Constraints for table `results2016`
--
ALTER TABLE `results2016`
  ADD CONSTRAINT `results2016_ibfk_1` FOREIGN KEY (`candidateID`) REFERENCES `candidates2016` (`candidateID`),
  ADD CONSTRAINT `results2016_ibfk_2` FOREIGN KEY (`stateAbbr`) REFERENCES `states` (`stateAbbr`);

--
-- Constraints for table `spectrum`
--
ALTER TABLE `spectrum`
  ADD CONSTRAINT `spectrum_ibfk_1` FOREIGN KEY (`partyAbbr`) REFERENCES `parties` (`partyAbbr`);
COMMIT;

/*!40101 SET CHARACTER_SET_CLIENT=@OLD_CHARACTER_SET_CLIENT */;
/*!40101 SET CHARACTER_SET_RESULTS=@OLD_CHARACTER_SET_RESULTS */;
/*!40101 SET COLLATION_CONNECTION=@OLD_COLLATION_CONNECTION */;
